dataset,model,n,test_acc_mean,test_acc_std,macro_f1_mean,alpha_mean,alpha_corr_local_similarity,alpha_corr_label_homophily,local_logit_norm_mean,global_logit_norm_mean,local_expert_test_acc,global_expert_test_acc,test_local_only_correct,test_global_only_correct,test_global_correct_given_local_wrong,selected_fixed_alpha,fallback_max_abs_error
Actor,reliability_gate,10,0.3540789633989334,0.012286265707317067,0.3225815096107026,0.18411849141120912,-0.010325108417802624,-0.025599448721618116,0.834084290266037,3.006573212146759,0.30355264246463776,0.35263159275054934,0.12046053111553193,0.16953947991132737,0.24345392733812332,nan,nan
Chameleon,reliability_gate,10,0.5758771955966949,0.037871992121305265,0.5711008683251518,0.49970238506793974,-0.06655425516116567,-0.057439993818554066,4.358231687545777,5.642080068588257,0.6436403512954711,0.47500000298023226,0.2688596546649933,0.10021929815411568,0.28079453855752945,nan,nan
Citeseer,reliability_gate,10,0.5575000286102295,0.05128010804313268,0.5246459037961789,0.5128259420394897,0.0714103450533532,0.102767109708838,0.7483377553522587,5.588001948595047,0.6931000292301178,0.5174000293016434,0.25220001190900804,0.07650000378489494,0.24922226071357728,nan,nan
Cora,reliability_gate,10,0.6389000296592713,0.06238181750253064,0.6201320816528895,0.5499157547950745,0.12164282400590198,0.2033317195729139,2.4676626205444334,7.083502292633057,0.8121000468730927,0.545000022649765,0.317300021648407,0.050200002267956734,0.26706853657960894,nan,nan
Pubmed,reliability_gate,10,0.7331000387668609,0.012267435569922519,0.7351419795759377,0.4995106071233749,-0.015388608812804336,-0.007057241772807747,2.098137176036835,4.230216693878174,0.7687000274658203,0.704000037908554,0.13810000643134118,0.0734000027179718,0.3171597808599472,nan,nan
Squirrel,reliability_gate,10,0.35658020079135894,0.030666944923238827,0.3480372868711104,0.49146236181259156,0.0688154341396812,-0.0066988933248332124,2.381815958023071,5.713495588302612,0.4735830783843994,0.30960613787174224,0.2861671417951584,0.12219019904732704,0.23217189610004424,nan,nan
