dataset,model,n,test_acc_mean,test_acc_std,macro_f1_mean,alpha_mean,alpha_corr_local_similarity,alpha_corr_label_homophily,local_logit_norm_mean,global_logit_norm_mean,local_expert_test_acc,global_expert_test_acc,test_local_only_correct,test_global_only_correct,test_global_correct_given_local_wrong,selected_fixed_alpha,fallback_max_abs_error
Actor,reliability_gate,10,0.3538815975189209,0.011740979252627952,0.3211378616329846,0.19030144140124322,-0.058645416200674635,-0.01787577549844164,0.8340843021869659,3.006573212146759,0.30355264246463776,0.35263159275054934,0.12046053111553193,0.16953947991132737,0.24345392733812332,nan,nan
Chameleon,reliability_gate,10,0.573026317358017,0.03428425331818841,0.5686735938313292,0.4996850907802582,-0.05617801248534502,-0.0436022522977952,4.35823163986206,5.642080068588257,0.6436403512954711,0.47500000298023226,0.2688596546649933,0.10021929815411568,0.28079453855752945,nan,nan
Citeseer,reliability_gate,10,0.5577000319957733,0.051793922194147454,0.5254318763910276,0.5216474175453186,0.11395776083024776,0.05377935549665171,0.7483377553522587,5.588001948595047,0.6931000292301178,0.5174000293016434,0.25220001190900804,0.07650000378489494,0.24922226071357728,nan,nan
Cora,reliability_gate,10,0.6389000296592713,0.06238181750253064,0.6201320816528895,0.5499015688896179,0.10975878069481726,0.18856791883855184,2.4676626205444334,7.083502292633057,0.8121000468730927,0.545000022649765,0.317300021648407,0.050200002267956734,0.26706853657960894,nan,nan
Pubmed,reliability_gate,10,0.7324000358581543,0.012729494620863329,0.7343219222110188,0.4972103416919708,0.0023549607877757037,0.0028845570544673294,2.098137176036835,4.230216693878174,0.7687000274658203,0.704000037908554,0.13810000643134118,0.0734000027179718,0.3171597808599472,nan,nan
Squirrel,reliability_gate,10,0.3554274618625641,0.029019474200484594,0.3465426204945593,0.4986297994852066,0.27114748613924744,0.04562024671729191,2.3818159341812133,5.713495588302612,0.4735830783843994,0.30960613787174224,0.2861671417951584,0.12219019904732704,0.23217189610004424,nan,nan
