dataset,model,n,test_acc_mean,test_acc_std,macro_f1_mean,alpha_mean,alpha_corr_local_similarity,alpha_corr_label_homophily,local_logit_norm_mean,global_logit_norm_mean,local_expert_test_acc,global_expert_test_acc,test_local_only_correct,test_global_only_correct,test_global_correct_given_local_wrong,selected_fixed_alpha,fallback_max_abs_error
Actor,reliability_gate,10,0.35381580591201783,0.01073720210139814,0.3212601362550437,0.18886138647794723,0.1542228786946418,-0.024209065789551617,0.834084290266037,3.006573212146759,0.30355264246463776,0.35263159275054934,0.12046053111553193,0.16953947991132737,0.24345392733812332,nan,nan
Chameleon,reliability_gate,10,0.5763157963752746,0.037291027661328406,0.5719692367301722,0.5107957541942596,0.04417987599445862,0.03698427320773469,4.358231687545777,5.642080068588257,0.6436403512954711,0.47500000298023226,0.2688596546649933,0.10021929815411568,0.28079453855752945,nan,nan
Citeseer,reliability_gate,10,0.5570000290870667,0.05000399604183446,0.5246292064854343,0.5214331209659576,0.7933494115265882,0.2183006581571657,0.7483377315104007,5.588001948595047,0.6931000292301178,0.5174000293016434,0.25220001190900804,0.07650000378489494,0.24922226071357728,nan,nan
Cora,reliability_gate,10,0.6389000296592713,0.06238181750253064,0.6201320816528895,0.5498957395553589,0.08976201258796562,0.1933999978982392,2.4676626324653625,7.083502292633057,0.8121000468730927,0.545000022649765,0.317300021648407,0.050200002267956734,0.26706853657960894,nan,nan
Pubmed,reliability_gate,10,0.7333000361919403,0.012198770219945853,0.7352484719550083,0.5000110179185867,0.16200547802706478,-0.014353414996218651,2.098137152194977,4.230216693878174,0.7687000274658203,0.704000037908554,0.13810000643134118,0.0734000027179718,0.3171597808599472,nan,nan
Squirrel,reliability_gate,10,0.3554274618625641,0.029019474200484594,0.3465426204945593,0.4986521929502487,-0.18670579715751112,-0.042335113919456366,2.3818159341812133,5.713495588302612,0.4735830783843994,0.30960613787174224,0.2861671417951584,0.12219019904732704,0.23217189610004424,nan,nan
