dataset,model,n,test_acc_mean,test_acc_std,macro_f1_mean,alpha_mean,alpha_corr_local_similarity,alpha_corr_label_homophily,local_logit_norm_mean,global_logit_norm_mean,local_expert_test_acc,global_expert_test_acc,test_local_only_correct,test_global_only_correct,test_global_correct_given_local_wrong,selected_fixed_alpha,fallback_max_abs_error
Actor,reliability_gate,3,0.360745628674825,0.004067379870822265,0.3290571420587643,0.13596853986382484,-0.06463929125127822,-0.046464065011326376,0.6540608803431193,2.902919054031372,0.28793861468633014,0.361622820297877,0.10789474099874496,0.18157895902792612,0.25492481390635174,nan,nan
Chameleon,reliability_gate,3,0.4912280738353729,0.02064977017935933,0.47693677147637015,0.07321716472506523,-0.1822955239308881,-0.08121968725050854,1.336192646374305,5.8138424555460615,0.5328947305679321,0.4736842115720113,0.20687134563922882,0.14766081919272742,0.31652602553367615,nan,nan
Cora,reliability_gate,3,0.5703333616256714,0.011785101780616189,0.5472534210228616,0.26624083518981934,-0.10279973893295176,-0.001667837343767282,1.1653564622004826,4.891787528991699,0.8023333748181661,0.5480000178019205,0.30933335423469543,0.055000003427267075,0.27632467945416767,nan,nan
