dataset,model,n,test_acc_mean,test_acc_std,macro_f1_mean,alpha_mean,alpha_corr_local_similarity,alpha_corr_label_homophily,local_logit_norm_mean,global_logit_norm_mean,local_expert_test_acc,global_expert_test_acc,test_local_only_correct,test_global_only_correct,test_global_correct_given_local_wrong,selected_fixed_alpha,fallback_max_abs_error
Actor,reliability_gate,3,0.3605263332525889,0.004682924591923738,0.3303471487989489,0.08360886977364619,0.0068285970316521,-0.03166357926162738,0.6540608803431193,2.902919054031372,0.28793861468633014,0.361622820297877,0.10789474099874496,0.18157895902792612,0.25492481390635174,nan,nan
Chameleon,reliability_gate,3,0.48464914162953693,0.018172231459796663,0.4689401337803673,0.10789785409967105,-0.027045186377977055,0.004774623380808261,1.336192646374305,5.8138424555460615,0.5328947305679321,0.4736842115720113,0.20687134563922882,0.14766081919272742,0.31652602553367615,nan,nan
Cora,reliability_gate,3,0.5696666836738586,0.012283681515029106,0.5466605319957469,0.26738564173380536,0.03661656244007851,0.057516156092087885,1.1653564622004826,4.891787528991699,0.8023333748181661,0.5480000178019205,0.30933335423469543,0.055000003427267075,0.27632467945416767,nan,nan
