dataset,model,n,test_acc_mean,test_acc_std,macro_f1_mean,alpha_mean,alpha_corr_local_similarity,alpha_corr_label_homophily,local_logit_norm_mean,global_logit_norm_mean,local_expert_test_acc,global_expert_test_acc,test_local_only_correct,test_global_only_correct,test_global_correct_given_local_wrong,selected_fixed_alpha,fallback_max_abs_error
Actor,reliability_gate,3,0.36052632331848145,0.0047744636255456115,0.3297542191354653,0.11798545345664024,0.2227748212119398,-0.040843189206669316,0.6540608803431193,2.902919054031372,0.28793861468633014,0.361622820297877,0.10789474099874496,0.18157895902792612,0.25492481390635174,nan,nan
Chameleon,reliability_gate,3,0.484649121761322,0.01611505129015547,0.4688678181358627,0.15080827847123146,0.1631112541678127,-0.024699895158878504,1.336192646374305,5.8138424555460615,0.5328947305679321,0.4736842115720113,0.20687134563922882,0.14766081919272742,0.31652602553367615,nan,nan
Cora,reliability_gate,3,0.5700000325838724,0.012027731257870513,0.5467977791177718,0.2617064118385315,0.4717582312737396,0.10997398955027675,1.1653564622004826,4.891787528991699,0.8023333748181661,0.5480000178019205,0.30933335423469543,0.055000003427267075,0.27632467945416767,nan,nan
