dataset,model,n,test_acc_mean,test_acc_std,macro_f1_mean,alpha_mean,alpha_corr_local_similarity,alpha_corr_label_homophily,local_logit_norm_mean,global_logit_norm_mean,local_expert_test_acc,global_expert_test_acc,test_local_only_correct,test_global_only_correct,test_global_correct_given_local_wrong,selected_fixed_alpha,fallback_max_abs_error
Actor,reliability_gate,10,0.3520394891500473,0.01198181406081934,0.31901250142003895,0.1977555438876152,0.00028931060159058473,-0.02401383994524372,0.834084290266037,3.006573212146759,0.30355264246463776,0.35263159275054934,0.12046053111553193,0.16953947991132737,0.24345392733812332,nan,nan
Chameleon,reliability_gate,10,0.5741228103637696,0.035262726559191784,0.5693547362193898,0.4996177971363068,-0.07359639312787078,-0.05011145446008374,4.35823163986206,5.642080068588257,0.6436403512954711,0.47500000298023226,0.2688596546649933,0.10021929815411568,0.28079453855752945,nan,nan
Citeseer,reliability_gate,10,0.5564000308513641,0.048489587189651934,0.5232791659717311,0.5,nan,nan,0.7483377553522587,5.588001948595047,0.6931000292301178,0.5174000293016434,0.25220001190900804,0.07650000378489494,0.24922226071357728,nan,nan
Cora,reliability_gate,10,0.6389000296592713,0.06238181750253064,0.6201320816528895,0.5499473989009858,0.16821886425342603,0.1916977403078601,2.4676626205444334,7.083502292633057,0.8121000468730927,0.545000022649765,0.317300021648407,0.050200002267956734,0.26706853657960894,nan,nan
Pubmed,reliability_gate,10,0.7351000368595123,0.012887589009428518,0.7366618955867542,0.4987827569246292,0.036079169329282956,-0.09244457848743194,2.098137152194977,4.230216693878174,0.7687000274658203,0.704000037908554,0.13810000643134118,0.0734000027179718,0.3171597808599472,nan,nan
Squirrel,reliability_gate,10,0.3549471527338028,0.028767968759553373,0.34606535775020314,0.4975567191839218,0.18341565360262052,0.07214040408152592,2.3818159341812133,5.713495588302612,0.4735830783843994,0.30960613787174224,0.2861671417951584,0.12219019904732704,0.23217189610004424,nan,nan
